date,ticker,open,high,low,close,volume,side
2026-03-02,ADM,69.5,70.48,68.27,69.61,3032700,WATCH
2026-03-02,BG,120.79,121.16,118.75,120.61,1084200,WATCH
2026-03-02,CF,107.6,107.8,102.54,104.3,5259200,LONG
2026-03-02,CORN,17.92,17.92,17.76,17.83,142100,LONG
2026-03-02,DBA,26.04,26.05,25.91,25.99,249600,LONG
2026-03-02,DIA,483.2958,489.9215,483.1062,488.1254,7218500,BENCHMARK
2026-03-02,GLD,490.1,492.15,483.28,490.0,19916600,WATCH
2026-03-02,MOS,28.7575,28.7773,26.9428,27.28,8420900,LONG
2026-03-02,NTR,77.4396,77.4396,74.1434,75.1958,6071800,LONG
2026-03-02,PDBA,34.7,34.72,34.53,34.66,12200,LONG
2026-03-02,QQQ,598.1058,609.1519,597.2369,607.3242,75264600,BENCHMARK
2026-03-02,SLV,81.17,82.37,78.34,81.57,96957600,WATCH
2026-03-02,SPY,676.8515,686.7445,676.1734,684.5106,87477200,BENCHMARK
2026-03-02,UNG,11.93,12.04,11.72,12.0,17168300,SHORT
2026-03-02,VIXY,29.61,29.67,27.76,28.22,5620500,WATCH
2026-03-02,WEAT,22.42,22.42,21.95,21.99,459500,LONG
2026-03-02,XLY,113.8014,115.498,113.492,115.1886,18205600,SHORT
2026-03-02,^VIX,24.66,25.24,20.37,21.44,0,WATCH
2026-03-03,ADM,68.44,68.65,67.17,67.99,3012000,WATCH
2026-03-03,BG,117.94,118.03,115.62,116.62,1322600,WATCH
2026-03-03,CF,106.35,109.59,104.09,106.3,5441100,LONG
2026-03-03,CORN,17.99,18.05,17.82,17.89,160400,LONG
2026-03-03,DBA,26.05,26.07,25.86,26.02,632100,LONG
2026-03-03,DIA,479.1248,486.3393,475.7022,484.4733,11570700,BENCHMARK
2026-03-03,GLD,472.83,473.2,458.93,468.14,22591500,WATCH
2026-03-03,MOS,26.5263,27.0916,25.7727,26.5561,7900800,LONG
2026-03-03,NTR,74.5406,75.1958,72.4954,73.8853,4467700,LONG
2026-03-03,PDBA,34.67,34.75,34.48,34.735,14700,LONG
2026-03-03,QQQ,595.5791,603.1995,591.1247,600.8224,97015500,BENCHMARK
2026-03-03,SLV,74.21,76.14,71.68,74.68,89651700,WATCH
2026-03-03,SPY,673.2214,680.7509,667.8361,678.4771,105003100,BENCHMARK
2026-03-03,UNG,12.78,12.83,12.04,12.28,20735500,SHORT
2026-03-03,VIXY,30.51,32.59,28.78,29.53,10414800,WATCH
2026-03-03,WEAT,22.23,22.23,21.78,21.85,421000,LONG
2026-03-03,XLY,112.8733,114.5399,111.5858,114.1307,20773100,SHORT
2026-03-03,^VIX,24.57,28.15,22.18,23.57,0,WATCH
2026-03-04,ADM,68.3,68.5,66.72,67.22,2453500,WATCH
2026-03-04,BG,117.49,117.49,114.05,115.01,982200,WATCH
2026-03-04,CF,106.0,107.0,100.41,104.71,3627300,LONG
2026-03-04,CORN,17.76,17.8,17.68,17.79,66600,LONG
2026-03-04,DBA,25.99,26.12,25.99,26.12,259800,LONG
2026-03-04,DIA,485.511,487.9757,482.9067,486.6885,7590700,BENCHMARK
2026-03-04,GLD,474.82,476.42,469.39,471.8,9985900,WATCH
2026-03-04,MOS,26.4767,26.685,25.4058,25.7925,10268500,LONG
2026-03-04,NTR,73.5974,74.4016,71.7309,73.0613,3228400,LONG
2026-03-04,PDBA,34.63,34.84,34.63,34.83,27300,LONG
2026-03-04,QQQ,603.3992,612.1082,602.6701,609.9809,70943900,BENCHMARK
2026-03-04,SLV,76.34,77.06,74.41,75.34,39022500,WATCH
2026-03-04,SPY,679.7735,685.2187,677.769,683.264,79182200,BENCHMARK
2026-03-04,UNG,11.85,11.95,11.64,11.78,12522600,SHORT
2026-03-04,VIXY,29.23,29.52,28.03,28.53,4356900,WATCH
2026-03-04,WEAT,21.71,21.79,21.61,21.79,753100,LONG
2026-03-04,XLY,114.8593,116.3962,114.6497,116.1567,11496700,SHORT
2026-03-04,^VIX,24.39,24.87,20.4,21.15,0,WATCH
2026-03-05,ADM,67.02,67.07,65.96,66.53,2873900,WATCH
2026-03-05,BG,115.15,115.15,111.72,113.2,1957300,WATCH
2026-03-05,CF,106.0,113.77,106.0,110.78,8204100,LONG
2026-03-05,CORN,17.9,18.21,17.9,18.19,389600,LONG
2026-03-05,DBA,26.19,26.42,26.16,26.41,1279600,LONG
2026-03-05,DIA,482.7769,484.4433,475.1235,478.8055,8758600,BENCHMARK
2026-03-05,GLD,470.45,470.67,463.91,466.13,11674800,WATCH
2026-03-05,MOS,25.7826,27.1808,25.5644,26.0603,10684500,LONG
2026-03-05,NTR,72.7237,74.2526,72.4755,73.8555,4113000,LONG
2026-03-05,PDBA,34.975,35.22,34.94,35.2,140100,LONG
2026-03-05,QQQ,606.6351,611.9883,601.5015,608.1431,89602400,BENCHMARK
2026-03-05,SLV,74.94,75.52,73.01,74.27,49446300,WATCH
2026-03-05,SPY,680.2223,683.6629,673.7699,679.4544,106606500,BENCHMARK
2026-03-05,UNG,11.9,12.26,11.76,12.05,12980600,SHORT
2026-03-05,VIXY,29.37,31.68,28.91,30.35,7284000,WATCH
2026-03-05,WEAT,21.91,22.4,21.91,22.35,1082500,LONG
2026-03-05,XLY,115.6876,116.8453,115.2884,116.3163,14880400,SHORT
2026-03-05,^VIX,22.11,25.84,20.55,23.75,0,WATCH
2026-03-06,ADM,66.94,68.03,65.5,67.44,3399100,WATCH
2026-03-06,BG,113.36,117.47,112.29,116.67,2631700,WATCH
2026-03-06,CF,112.0,120.49,111.88,115.78,8230500,LONG
2026-03-06,CORN,18.37,18.56,18.3,18.52,943400,LONG
2026-03-06,DBA,26.61,26.76,26.57,26.71,3532700,LONG
2026-03-06,DIA,472.6987,475.2033,469.4457,474.2055,8206100,BENCHMARK
2026-03-06,GLD,469.04,475.46,467.07,473.51,10489800,WATCH
2026-03-06,MOS,26.3974,26.9131,25.7925,26.09,9676700,LONG
2026-03-06,NTR,74.888,76.9134,73.786,75.6624,6778700,LONG
2026-03-06,PDBA,35.47,36.07,35.44,35.65,446300,LONG
2026-03-06,QQQ,599.554,605.2368,597.5765,598.9947,86302300,BENCHMARK
2026-03-06,SLV,75.09,76.97,74.58,75.94,40550700,WATCH
2026-03-06,SPY,671.5759,674.2685,667.9358,670.5487,100687000,BENCHMARK
2026-03-06,UNG,12.53,13.19,12.4,12.75,26319100,SHORT
2026-03-06,VIXY,32.72,34.59,31.82,34.45,10391300,WATCH
2026-03-06,WEAT,23.0,23.63,22.96,23.61,2215300,LONG
2026-03-06,XLY,114.5499,114.7595,113.4122,114.2106,16348500,SHORT
2026-03-06,^VIX,23.2,29.93,22.92,29.49,0,WATCH
2026-03-09,ADM,67.51,68.74,66.31,67.92,3646300,WATCH
2026-03-09,BG,116.67,119.84,115.68,118.79,2408800,WATCH
2026-03-09,CF,116.7,121.8,109.71,111.04,10270400,LONG
2026-03-09,CORN,18.62,18.73,18.16,18.2,1105000,LONG
2026-03-09,DBA,26.83,26.84,26.51,26.55,1904500,LONG
2026-03-09,DIA,469.8648,478.3465,465.6739,476.8497,10305600,BENCHMARK
2026-03-09,GLD,468.09,472.68,464.79,472.53,8829800,WATCH
2026-03-09,MOS,26.25,27.26,25.38,26.92,11434800,LONG
2026-03-09,NTR,76.4666,77.519,75.1045,75.2653,6859200,LONG
2026-03-09,PDBA,35.75,35.83,35.39,35.43,313400,LONG
2026-03-09,QQQ,593.4816,608.5027,590.5853,606.9946,93068200,BENCHMARK
2026-03-09,SLV,76.43,78.56,75.24,78.26,34865500,WATCH
2026-03-09,SPY,664.5751,678.0682,660.586,676.4227,102667700,BENCHMARK
2026-03-09,UNG,13.09,13.26,12.25,12.31,29248900,SHORT
2026-03-09,VIXY,34.91,36.2,30.63,31.17,12874500,WATCH
2026-03-09,WEAT,23.69,23.77,22.77,22.98,3475600,LONG
2026-03-09,XLY,112.7136,114.6996,110.7675,114.3603,16278500,SHORT
2026-03-09,^VIX,35.12,35.3,24.76,25.5,0,WATCH
2026-03-10,ADM,68.49,69.85,67.09,69.39,5133600,WATCH
2026-03-10,BG,123.04,123.98,117.98,119.75,2515500,WATCH
2026-03-10,CF,110.2,112.67,106.71,110.05,7349600,LONG
2026-03-10,CORN,18.18,18.28,17.96,18.27,1298300,LONG
2026-03-10,DBA,26.59,26.64,26.47,26.61,752000,LONG
2026-03-10,DIA,476.71,481.829,473.9859,476.6701,6265600,BENCHMARK
2026-03-10,GLD,479.74,481.31,474.21,477.86,9616800,WATCH
2026-03-10,MOS,26.73,26.92,26.05,26.48,8100200,LONG
2026-03-10,NTR,74.9079,76.2879,74.6101,75.5433,3038000,LONG
2026-03-10,PDBA,35.41,35.57,35.36,35.53,77100,LONG
2026-03-10,QQQ,607.0146,612.5176,604.6576,607.0046,64078900,BENCHMARK
2026-03-10,SLV,80.89,81.28,78.73,80.09,37263700,WATCH
2026-03-10,SPY,675.8741,681.4988,672.9222,675.3356,81505300,BENCHMARK
2026-03-10,UNG,12.19,12.38,11.92,12.27,14643100,SHORT
2026-03-10,VIXY,31.31,32.77,29.74,32.68,6100300,WATCH
2026-03-10,WEAT,22.98,23.03,22.38,22.73,1173700,LONG
2026-03-10,XLY,114.3802,115.498,113.7215,114.2106,11784400,SHORT
2026-03-10,^VIX,24.39,26.01,22.19,24.93,0,WATCH
2026-03-11,ADM,68.93,71.43,68.91,70.83,5839200,WATCH
2026-03-11,BG,119.79,123.52,117.86,122.72,2558000,WATCH
2026-03-11,CF,113.32,120.5,112.5,120.13,6385200,LONG
2026-03-11,CORN,18.43,18.57,18.3,18.52,749300,LONG
2026-03-11,DBA,26.77,26.78,26.62,26.7,2688500,LONG
2026-03-11,DIA,476.3708,476.74,471.4414,473.7863,6701700,BENCHMARK
2026-03-11,GLD,476.13,477.45,473.13,476.24,7522900,WATCH
2026-03-11,MOS,27.26,29.23,27.22,29.15,14473200,LONG
2026-03-11,NTR,76.278,78.7402,75.866,78.7402,6477800,LONG
2026-03-11,PDBA,35.74,35.74,35.53,35.63,47900,LONG
2026-03-11,QQQ,608.1832,611.6588,604.2681,606.9247,60114800,BENCHMARK
2026-03-11,SLV,78.03,78.06,76.45,77.91,30665400,WATCH
2026-03-11,SPY,675.7346,678.2278,671.5061,674.488,68441700,BENCHMARK
2026-03-11,UNG,12.55,12.94,12.38,12.88,10224600,SHORT
2026-03-11,VIXY,32.13,32.71,31.14,31.19,5803200,WATCH
2026-03-11,WEAT,23.05,23.09,22.59,22.85,1063000,LONG
2026-03-11,XLY,114.5998,115.468,113.3423,113.9112,10959300,SHORT
2026-03-11,^VIX,24.9,26.23,23.75,24.23,0,WATCH
2026-03-12,ADM,71.5,73.72,70.52,72.5,5544300,WATCH
2026-03-12,BG,123.61,127.15,121.43,125.83,3732100,WATCH
2026-03-12,CF,128.02,137.44,126.59,136.0,14110400,LONG
2026-03-12,CORN,18.73,18.84,18.55,18.59,1079600,LONG
2026-03-12,DBA,26.81,26.87,26.71,26.75,2333000,LONG
2026-03-12,DIA,469.326,470.4635,466.4023,466.4722,8000200,BENCHMARK
2026-03-12,GLD,475.02,475.02,466.6,466.88,11900600,WATCH
2026-03-12,MOS,31.05,32.25,30.28,31.36,28170200,LONG
2026-03-12,NTR,81.5399,84.7368,81.5101,83.3369,11136100,LONG
2026-03-12,PDBA,35.65,35.849,35.62,35.66,470600,LONG
2026-03-12,QQQ,602.0009,603.3792,596.2981,596.5079,71836600,BENCHMARK
2026-03-12,SLV,78.53,78.54,76.36,76.48,29762300,WATCH
2026-03-12,SPY,669.332,669.8207,664.0564,664.2459,108882200,BENCHMARK
2026-03-12,UNG,13.04,13.13,12.67,13.04,14057900,SHORT
2026-03-12,VIXY,32.7,33.47,32.21,33.32,6178500,WATCH
2026-03-12,WEAT,23.12,23.42,22.86,22.92,2010600,LONG
2026-03-12,XLY,112.8932,113.2026,111.2465,111.2964,12088200,SHORT
2026-03-12,^VIX,25.48,27.33,24.6,27.29,0,WATCH
2026-03-13,ADM,73.5,73.7,71.4,71.98,4379200,WATCH
2026-03-13,BG,126.33,127.24,124.02,124.73,2094100,WATCH
2026-03-13,CF,132.1,133.38,125.03,129.57,7694300,LONG
2026-03-13,CORN,18.49,18.69,18.33,18.67,1126500,LONG
2026-03-13,DBA,26.7,26.83,26.6,26.75,4488500,LONG
2026-03-13,DIA,468.9269,471.0822,464.7758,465.4045,7471700,BENCHMARK
2026-03-13,GLD,469.31,470.1,460.22,460.84,11741600,WATCH
2026-03-13,MOS,31.25,31.34,29.11,29.31,18706900,LONG
2026-03-13,NTR,84.0219,84.7467,81.669,82.2547,5541600,LONG
2026-03-13,PDBA,35.63,35.79,35.485,35.72,68600,LONG
2026-03-13,QQQ,598.9747,602.8399,591.8238,592.9723,63145500,BENCHMARK
2026-03-13,SLV,76.07,76.28,71.92,72.69,46251900,WATCH
2026-03-13,SPY,667.4472,670.5089,659.5587,660.4862,97200200,BENCHMARK
2026-03-13,UNG,12.77,12.82,12.51,12.64,11989600,SHORT
2026-03-13,VIXY,32.49,34.0,31.92,33.88,5918200,WATCH
2026-03-13,WEAT,22.97,23.46,22.77,23.43,1370400,LONG
2026-03-13,XLY,111.9451,112.2645,110.498,110.6377,11708600,SHORT
2026-03-13,^VIX,27.85,28.47,24.67,27.19,0,WATCH
2026-03-16,ADM,71.9,72.15,70.36,70.75,4235500,WATCH
2026-03-16,BG,123.58,125.4,120.44,123.62,1516400,WATCH
2026-03-16,CF,123.93,126.99,121.02,122.33,7658800,LONG
2026-03-16,CORN,18.53,18.54,18.13,18.26,918500,LONG
2026-03-16,DBA,26.71,26.76,26.44,26.45,2304300,LONG
2026-03-16,DIA,469.0566,471.6809,467.9689,469.2861,7059900,BENCHMARK
2026-03-16,GLD,461.27,462.8,456.91,460.43,8964100,WATCH
2026-03-16,MOS,28.62,28.72,27.66,27.67,15738900,LONG
2026-03-16,NTR,80.1003,80.3386,76.7992,77.2311,5291000,LONG
2026-03-16,PDBA,35.68,35.69,35.26,35.33,167800,LONG
2026-03-16,QQQ,599.2843,603.0995,598.3555,599.6239,49077200,BENCHMARK
2026-03-16,SLV,73.26,73.96,72.01,73.22,37193100,WATCH
2026-03-16,SPY,666.5596,670.2396,665.3031,667.2079,82023100,BENCHMARK
2026-03-16,UNG,12.51,12.61,12.05,12.21,10991300,SHORT
2026-03-16,VIXY,32.71,32.72,31.3,31.33,5278500,WATCH
2026-03-16,WEAT,23.19,23.25,22.77,22.85,1082800,LONG
2026-03-16,XLY,111.5659,112.6437,111.3962,111.9751,9307600,SHORT
2026-03-16,^VIX,25.88,26.42,23.23,23.51,0,WATCH
2026-03-17,ADM,71.37,73.13,70.99,72.12,3915800,WATCH
2026-03-17,BG,125.23,128.46,124.41,125.96,1794300,WATCH
2026-03-17,CF,123.58,127.46,122.45,123.29,5329700,LONG
2026-03-17,CORN,18.28,18.38,18.09,18.33,1392900,LONG
2026-03-17,DBA,26.6,26.68,26.53,26.62,1186200,LONG
2026-03-17,DIA,472.3594,474.1057,469.6154,469.8848,6189400,BENCHMARK
2026-03-17,GLD,460.51,462.21,456.87,459.27,7610100,WATCH
2026-03-17,MOS,27.73,29.33,27.52,28.83,12108700,LONG
2026-03-17,NTR,77.8367,79.2068,77.4594,78.9784,3509700,LONG
2026-03-17,PDBA,35.56,35.58,35.41,35.54,110000,LONG
2026-03-17,QQQ,602.3805,605.137,601.112,602.5502,47106600,BENCHMARK
2026-03-17,SLV,73.16,73.72,70.84,71.66,32991800,WATCH
2026-03-17,SPY,670.5587,672.6031,667.876,668.963,87128000,BENCHMARK
2026-03-17,UNG,12.39,12.41,12.11,12.2,6352000,SHORT
2026-03-17,VIXY,30.85,31.21,30.38,30.88,3602800,WATCH
2026-03-17,WEAT,22.69,22.77,22.48,22.61,1093000,LONG
2026-03-17,XLY,112.5539,113.4222,112.494,112.9531,6767000,SHORT
2026-03-17,^VIX,24.56,24.58,21.87,22.37,0,WATCH
2026-03-18,ADM,72.0,72.19,70.86,70.87,3812500,WATCH
2026-03-18,BG,125.69,126.71,123.87,124.03,1379500,WATCH
2026-03-18,CF,127.02,127.99,120.11,126.73,7467000,LONG
2026-03-18,CORN,18.27,18.65,18.27,18.63,1096200,LONG
2026-03-18,DBA,26.63,26.92,26.61,26.91,2617000,LONG
2026-03-18,DIA,467.7594,468.7373,461.7624,462.0018,7090700,BENCHMARK
2026-03-18,GLD,446.66,450.06,444.39,444.74,18375600,WATCH
2026-03-18,MOS,29.31,29.39,27.75,27.78,9419200,LONG
2026-03-18,NTR,79.0082,79.733,76.4468,77.3204,4436500,LONG
2026-03-18,PDBA,35.56,35.95,35.49,35.93,845500,LONG
2026-03-18,QQQ,600.7325,602.4004,593.8113,594.1509,56128000,BENCHMARK
2026-03-18,SLV,69.51,70.55,68.66,68.7,46745900,WATCH
2026-03-18,SPY,666.5397,667.8959,659.3892,659.6285,82062600,BENCHMARK
2026-03-18,UNG,12.19,12.79,12.09,12.67,14101500,SHORT
2026-03-18,VIXY,31.85,33.67,31.71,33.59,7002200,WATCH
2026-03-18,WEAT,22.71,23.23,22.7,23.21,1035000,LONG
2026-03-18,XLY,112.2745,112.7635,110.2186,110.3483,10979200,SHORT
2026-03-18,^VIX,21.51,25.13,21.47,25.09,0,WATCH
2026-03-19,ADM,70.42,70.62,68.13,68.64,5365700,WATCH
2026-03-19,BG,123.3,124.49,121.2,122.04,1951300,WATCH
2026-03-19,CF,128.67,131.5,125.0,125.56,6487700,LONG
2026-03-19,CORN,18.74,18.84,18.64,18.83,3329200,LONG
2026-03-19,DBA,26.95,26.98,26.83,26.97,2685900,LONG
2026-03-19,DIA,458.9784,462.371,457.1723,460.066,7882800,BENCHMARK
2026-03-19,GLD,420.36,428.27,416.8,426.41,30206000,WATCH
2026-03-19,MOS,27.79,28.24,26.13,26.2,14169600,LONG
2026-03-19,NTR,77.4495,78.3232,75.1164,75.5036,5550600,LONG
2026-03-19,PDBA,36.0,36.04,35.81,36.01,402400,LONG
2026-03-19,QQQ,588.7676,595.0497,586.3407,592.2732,75597600,BENCHMARK
2026-03-19,SLV,61.9,65.74,60.85,65.68,96191600,WATCH
2026-03-19,SPY,655.1807,661.1743,653.3856,658.003,111272500,BENCHMARK
2026-03-19,UNG,13.0,13.09,12.4,12.56,21405800,SHORT
2026-03-19,VIXY,35.13,35.5,31.9,32.65,8040400,WATCH
2026-03-19,WEAT,23.28,23.37,22.97,23.34,1544800,LONG
2026-03-19,XLY,109.4102,110.1188,108.6517,109.4801,12496400,SHORT
2026-03-19,^VIX,25.6,27.52,23.54,24.06,0,WATCH
2026-03-20,ADM,68.82,68.82,65.07,66.17,16669000,WATCH
2026-03-20,BG,122.92,123.34,116.69,118.15,5276500,WATCH
2026-03-20,CF,125.55,130.1,123.71,124.9,16466700,LONG
2026-03-20,CORN,18.66,18.8,18.58,18.8,2818300,LONG
2026-03-20,DBA,26.85,26.93,26.79,26.85,1557000,LONG
2026-03-20,DIA,458.73,460.57,453.54,455.89,10543300,BENCHMARK
2026-03-20,GLD,428.09,428.59,411.23,413.38,27204900,WATCH
2026-03-20,MOS,25.83,26.03,23.59,23.59,21772100,LONG
2026-03-20,NTR,75.3348,75.6029,73.518,74.1931,4297200,LONG
2026-03-20,PDBA,35.86,35.96,35.79,35.81,88100,LONG
2026-03-20,QQQ,590.3156,590.4255,577.8114,581.327,91964700,BENCHMARK
2026-03-20,SLV,64.68,64.96,61.25,61.52,56912300,WATCH
2026-03-20,SPY,656.51,656.69,644.72,648.57,163617500,BENCHMARK
2026-03-20,UNG,12.25,12.5,12.21,12.39,10287300,SHORT
2026-03-20,VIXY,32.81,35.38,32.66,34.97,7614900,WATCH
2026-03-20,WEAT,23.05,23.19,22.81,22.85,1008000,LONG
2026-03-20,XLY,109.2106,109.2106,106.9352,107.524,12297000,SHORT
2026-03-20,^VIX,24.46,29.28,23.68,26.78,0,WATCH
2026-03-23,ADM,66.24,68.47,65.94,67.99,3416900,WATCH
2026-03-23,BG,118.29,122.9,117.82,120.82,1659200,WATCH
2026-03-23,CF,115.22,121.54,115.22,120.18,8624300,LONG
2026-03-23,CORN,18.52,18.58,18.31,18.51,1825700,LONG
2026-03-23,DBA,26.74,26.86,26.66,26.84,2924500,LONG
2026-03-23,DIA,463.3,467.04,460.92,461.97,9978100,BENCHMARK
2026-03-23,GLD,405.12,414.54,399.64,404.04,36796800,WATCH
2026-03-23,MOS,23.43,24.29,23.06,24.08,13761300,LONG
2026-03-23,NTR,72.8925,73.3442,71.6912,72.3365,3837100,LONG
2026-03-23,PDBA,35.73,35.77,35.62,35.73,208500,LONG
2026-03-23,QQQ,590.52,595.08,585.96,588.0,89936100,BENCHMARK
2026-03-23,SLV,61.3,64.11,60.98,62.47,72440000,WATCH
2026-03-23,SPY,658.07,662.62,653.94,655.38,134802700,BENCHMARK
2026-03-23,UNG,11.94,12.01,11.59,11.73,14397200,SHORT
2026-03-23,VIXY,32.44,33.97,31.64,33.14,9568500,WATCH
2026-03-23,WEAT,22.6,22.68,22.23,22.68,1300400,LONG
2026-03-23,XLY,109.78,111.43,109.59,110.12,14779100,SHORT
2026-03-23,^VIX,30.04,31.04,20.28,26.15,0,WATCH
2026-03-24,ADM,68.37,71.6,68.11,71.44,2921900,WATCH
2026-03-24,BG,121.62,125.49,121.62,124.09,1723300,WATCH
2026-03-24,CF,122.67,128.13,122.27,126.92,5602700,LONG
2026-03-24,CORN,18.51,18.65,18.41,18.51,1778000,LONG
2026-03-24,DBA,26.78,26.96,26.77,26.89,1830200,LONG
2026-03-24,DIA,458.42,463.94,457.44,461.17,8188000,BENCHMARK
2026-03-24,GLD,400.24,407.29,399.2,404.13,17478500,WATCH
2026-03-24,MOS,24.33,25.48,24.18,25.2,12814700,LONG
2026-03-24,NTR,73.0513,76.695,72.9123,76.2681,3697100,LONG
2026-03-24,PDBA,35.8,36.015,35.76,35.91,145100,LONG
2026-03-24,QQQ,584.81,587.93,581.93,583.98,57750900,BENCHMARK
2026-03-24,SLV,61.62,63.69,61.27,62.95,48268000,WATCH
2026-03-24,SPY,651.32,657.03,649.88,653.18,96457500,BENCHMARK
2026-03-24,UNG,11.84,11.9,11.66,11.73,6737300,SHORT
2026-03-24,VIXY,34.15,34.37,32.59,33.84,8398800,WATCH
2026-03-24,WEAT,22.61,22.83,22.38,22.7,865000,LONG
2026-03-24,XLY,109.04,110.32,108.95,109.68,9032200,SHORT
2026-03-24,^VIX,25.91,27.94,25.64,26.95,0,WATCH
2026-03-25,ADM,70.9,71.89,70.49,71.66,2905800,WATCH
2026-03-25,BG,122.79,126.36,121.81,125.4,1999000,WATCH
2026-03-25,CF,125.57,128.96,125.0,128.11,3715100,LONG
2026-03-25,CORN,18.44,18.76,18.42,18.75,1377600,LONG
2026-03-25,DBA,26.79,27.0,26.75,26.96,2316100,LONG
2026-03-25,DIA,465.73,467.24,461.8,464.14,7019700,BENCHMARK
2026-03-25,GLD,419.71,420.66,412.25,416.29,15713200,WATCH
2026-03-25,MOS,25.14,26.22,24.78,26.19,12333800,LONG
2026-03-25,NTR,75.9504,76.695,74.9675,76.0695,4410800,LONG
2026-03-25,PDBA,35.78,36.065,35.78,36.02,61000,LONG
2026-03-25,QQQ,589.14,591.37,585.69,587.82,60475500,BENCHMARK
2026-03-25,SLV,66.04,66.4,64.48,65.21,38165900,WATCH
2026-03-25,SPY,658.67,660.89,654.24,656.82,90653800,BENCHMARK
2026-03-25,UNG,11.63,11.93,11.58,11.86,5642800,SHORT
2026-03-25,VIXY,32.95,34.02,32.65,33.21,4540100,WATCH
2026-03-25,WEAT,22.44,22.98,22.44,22.97,677700,LONG
2026-03-25,XLY,111.16,111.91,110.1,110.73,9412900,SHORT
2026-03-25,^VIX,25.79,26.67,24.82,25.33,0,WATCH
2026-03-26,ADM,71.49,73.68,71.23,72.33,3464700,WATCH
2026-03-26,BG,126.12,127.2,124.58,125.76,1319400,WATCH
2026-03-26,CF,130.12,132.81,129.53,132.56,3937800,LONG
2026-03-26,CORN,18.7,18.8,18.55,18.71,2223000,LONG
2026-03-26,DBA,26.94,27.14,26.9,27.11,1592600,LONG
2026-03-26,DIA,461.54,465.43,458.94,459.31,8284000,BENCHMARK
2026-03-26,GLD,408.53,411.37,400.26,400.64,15756300,WATCH
2026-03-26,MOS,25.4,26.19,24.42,25.0,11879800,LONG
2026-03-26,NTR,75.454,77.3204,72.6939,73.1606,5760100,LONG
2026-03-26,PDBA,35.99,36.26,35.919,36.196,170400,LONG
2026-03-26,QQQ,582.6,584.63,573.43,573.79,81492100,BENCHMARK
2026-03-26,SLV,62.1,63.14,60.37,60.77,56080500,WATCH
2026-03-26,SPY,652.06,654.85,644.82,645.09,96494400,BENCHMARK
2026-03-26,UNG,11.89,12.1,11.79,11.84,8439200,SHORT
2026-03-26,VIXY,33.87,35.56,33.39,35.49,4702700,WATCH
2026-03-26,WEAT,22.8,23.22,22.73,23.12,736100,LONG
2026-03-26,XLY,110.05,110.9,108.74,108.83,7981000,SHORT
2026-03-26,^VIX,26.49,28.49,26.12,27.44,0,WATCH
2026-03-27,ADM,72.0,74.19,71.71,72.23,6175600,WATCH
2026-03-27,BG,125.07,131.5,125.05,128.72,2284800,WATCH
2026-03-27,CF,133.08,136.58,131.15,136.45,3834400,LONG
2026-03-27,CORN,18.81,18.81,18.51,18.58,1548100,LONG
2026-03-27,DBA,27.14,27.32,27.09,27.17,2147600,LONG
2026-03-27,DIA,457.36,457.5,450.49,451.39,6938500,BENCHMARK
2026-03-27,GLD,406.2,418.4,405.41,414.7,16580700,WATCH
2026-03-27,MOS,25.0,25.45,24.76,25.0,9436800,LONG
2026-03-27,NTR,73.518,75.2057,73.2102,75.1065,3236000,LONG
2026-03-27,PDBA,36.35,36.47,36.17,36.35,677500,LONG
2026-03-27,QQQ,570.81,571.02,561.57,562.58,82702200,BENCHMARK
2026-03-27,SLV,61.43,64.88,61.22,63.44,52470800,WATCH
2026-03-27,SPY,642.5,642.66,633.11,634.09,103649400,BENCHMARK
2026-03-27,UNG,12.29,12.39,12.04,12.28,8514400,SHORT
2026-03-27,VIXY,36.07,38.47,35.93,38.23,5698500,WATCH
2026-03-27,WEAT,23.2,23.43,22.95,23.17,1228400,LONG
2026-03-27,XLY,108.31,108.31,105.45,105.68,10454700,SHORT
2026-03-27,^VIX,27.54,31.65,27.54,31.05,0,WATCH
2026-03-30,ADM,73.17,74.09,71.57,71.75,4062400,WATCH
2026-03-30,BG,129.81,130.98,125.9,126.28,2137900,WATCH
2026-03-30,CF,137.99,141.96,135.68,137.6,6010800,LONG
2026-03-30,CORN,18.51,18.53,18.29,18.29,2907600,LONG
2026-03-30,DBA,27.13,27.27,27.1,27.12,1428900,LONG
2026-03-30,DIA,455.6,456.12,450.44,452.06,9181600,BENCHMARK
2026-03-30,GLD,419.54,420.1,412.66,414.58,13172100,WATCH
2026-03-30,MOS,25.28,25.73,24.76,25.0,9735400,LONG
2026-03-30,NTR,76.2482,77.0226,75.2852,76.0,7401400,LONG
2026-03-30,PDBA,36.24,36.418,36.185,36.196,143000,LONG
2026-03-30,QQQ,567.38,568.05,555.6,558.28,70602600,BENCHMARK
2026-03-30,SLV,64.46,64.63,63.02,63.52,30512000,WATCH
2026-03-30,SPY,640.11,640.37,629.28,631.97,99275900,BENCHMARK
2026-03-30,UNG,11.69,11.77,11.57,11.68,9031100,SHORT
2026-03-30,VIXY,36.61,38.59,36.61,37.88,5061700,WATCH
2026-03-30,WEAT,23.0,23.38,22.95,23.26,948200,LONG
2026-03-30,XLY,106.61,107.17,105.19,105.66,10192000,SHORT
2026-03-30,^VIX,30.79,31.52,29.33,30.61,0,WATCH
2026-03-31,ADM,72.13,73.35,71.63,72.69,4043400,WATCH
2026-03-31,BG,126.96,129.31,125.04,127.2,1886100,WATCH
2026-03-31,CF,135.91,137.31,126.43,129.84,7054000,LONG
2026-03-31,CORN,18.26,18.51,18.14,18.4,1753700,LONG
2026-03-31,DBA,27.18,27.37,27.16,27.32,2374000,LONG
2026-03-31,DIA,456.81,463.82,454.67,463.19,11656300,BENCHMARK
2026-03-31,GLD,420.08,430.57,419.59,430.29,14534300,WATCH
2026-03-31,MOS,24.96,25.68,24.75,25.5,10775000,LONG
2026-03-31,NTR,75.5,76.37,73.63,75.46,5494800,LONG
2026-03-31,PDBA,36.31,36.54,36.25,36.47,69200,LONG
2026-03-31,QQQ,564.29,578.64,564.21,577.18,95878000,BENCHMARK
2026-03-31,SLV,65.84,68.2,65.69,68.14,42141600,WATCH
2026-03-31,SPY,638.94,651.54,637.98,650.34,152534100,BENCHMARK
2026-03-31,UNG,12.04,12.05,11.65,11.73,8115000,SHORT
2026-03-31,VIXY,36.17,36.81,34.15,34.35,6980300,WATCH
2026-03-31,WEAT,23.31,23.83,23.31,23.57,1871500,LONG
2026-03-31,XLY,107.23,109.41,106.71,108.98,19487500,SHORT
2026-03-31,^VIX,29.53,29.64,25.08,25.25,0,WATCH
2026-04-01,ADM,73.32,73.84,71.68,72.37,3825000,WATCH
2026-04-01,BG,128.41,129.5,124.98,128.32,2073300,WATCH
2026-04-01,CF,127.45,129.65,124.5,127.98,5571800,LONG
2026-04-01,CORN,18.18,18.24,17.99,18.18,1674000,LONG
2026-04-01,DBA,27.13,27.16,26.96,27.1,2251800,LONG
2026-04-01,DIA,466.0,467.9,464.5,465.48,7790300,BENCHMARK
2026-04-01,GLD,435.0,440.19,433.76,437.82,14133100,WATCH
2026-04-01,MOS,25.5,26.58,25.12,26.54,11277200,LONG
2026-04-01,NTR,74.75,75.295,73.03,74.56,2963800,LONG
2026-04-01,PDBA,36.2,36.255,35.95,36.17,306500,LONG
2026-04-01,QQQ,581.48,587.74,580.42,584.31,79435100,BENCHMARK
2026-04-01,SLV,67.96,68.91,67.38,68.14,38360700,WATCH
2026-04-01,SPY,653.9,658.52,653.0,655.24,97841500,BENCHMARK
2026-04-01,UNG,11.55,11.57,11.31,11.42,7065600,SHORT
2026-04-01,VIXY,33.86,34.55,33.09,33.57,3002400,WATCH
2026-04-01,WEAT,23.12,23.14,22.72,22.83,1573800,LONG
2026-04-01,XLY,109.69,110.5,108.74,109.8,14467600,SHORT
2026-04-01,^VIX,24.3,25.35,23.5,24.54,0,WATCH
2026-04-02,ADM,72.76,73.99,72.07,73.83,3406600,WATCH
2026-04-02,BG,127.63,129.55,127.14,129.42,1272700,WATCH
2026-04-02,CF,134.75,135.75,128.9,129.97,4833500,LONG
2026-04-02,CORN,18.39,18.45,18.15,18.19,1076800,LONG
2026-04-02,DBA,27.22,27.23,27.12,27.16,2938700,LONG
2026-04-02,DIA,460.16,467.52,458.88,465.06,3955900,BENCHMARK
2026-04-02,GLD,422.29,431.67,421.17,429.41,10838600,WATCH
2026-04-02,MOS,26.95,26.95,25.89,26.17,7987700,LONG
2026-04-02,NTR,76.15,76.9,74.75,75.47,3508800,LONG
2026-04-02,PDBA,36.33,36.37,36.185,36.23,114600,LONG
2026-04-02,QQQ,573.97,586.05,571.92,584.98,50941700,BENCHMARK
2026-04-02,SLV,63.55,66.23,63.49,65.79,37002900,WATCH
2026-04-02,SPY,646.42,658.2,645.11,655.83,68358700,BENCHMARK
2026-04-02,UNG,11.39,11.43,11.28,11.35,7923600,SHORT
2026-04-02,VIXY,35.67,35.98,33.32,33.53,4282200,WATCH
2026-04-02,WEAT,23.19,23.28,22.85,22.87,808700,LONG
2026-04-02,XLY,107.46,109.53,107.1,108.15,9684700,SHORT
2026-04-02,^VIX,26.78,27.89,23.87,23.87,0,WATCH
2026-04-06,ADM,73.51,73.83,72.61,73.38,1772700,WATCH
2026-04-06,BG,129.23,131.93,127.53,128.47,828500,WATCH
2026-04-06,CF,130.12,134.38,130.12,130.98,2420300,LONG
2026-04-06,CORN,18.17,18.29,18.15,18.29,1024400,LONG
2026-04-06,DBA,27.2,27.3,27.14,27.28,1678100,LONG
2026-04-06,DIA,464.16,467.02,463.46,466.77,2905300,BENCHMARK
2026-04-06,GLD,428.87,431.49,426.71,427.65,5417300,WATCH
2026-04-06,MOS,26.37,26.77,26.15,26.51,4213100,LONG
2026-04-06,NTR,75.35,76.55,74.64,75.81,2638500,LONG
2026-04-06,PDBA,36.31,36.43,36.21,36.41,193000,LONG
2026-04-06,QQQ,586.23,590.61,584.69,588.5,35108500,BENCHMARK
2026-04-06,SLV,65.85,66.29,65.22,66.09,18134500,WATCH
2026-04-06,SPY,655.86,659.72,655.52,658.93,39105800,BENCHMARK
2026-04-06,UNG,11.59,11.6,11.36,11.37,4703400,SHORT
2026-04-06,VIXY,33.63,33.63,32.53,32.71,2277000,WATCH
2026-04-06,WEAT,22.81,22.86,22.56,22.85,1259500,LONG
2026-04-06,XLY,107.93,109.23,107.93,109.04,6908800,SHORT
2026-04-06,^VIX,24.93,25.3,23.78,24.17,0,WATCH
2026-04-07,ADM,73.38,73.69,71.62,72.15,2679500,WATCH
2026-04-07,BG,128.2,128.66,126.24,127.03,1026700,WATCH
2026-04-07,CF,134.91,139.45,132.25,133.78,4480200,LONG
2026-04-07,CORN,18.23,18.27,18.05,18.05,897800,LONG
2026-04-07,DBA,27.16,27.23,27.0,27.01,1910900,LONG
2026-04-07,DIA,465.75,466.31,462.11,465.88,3943200,BENCHMARK
2026-04-07,GLD,427.9,433.43,423.1,431.81,7263500,WATCH
2026-04-07,MOS,26.62,27.13,26.21,26.37,6016000,LONG
2026-04-07,NTR,76.6,78.08,76.53,76.88,2770000,LONG
2026-04-07,PDBA,36.28,36.32,36.045,36.05,368400,LONG
2026-04-07,QQQ,585.64,588.98,578.4,588.59,49948200,BENCHMARK
2026-04-07,SLV,65.28,66.19,63.2,65.94,30458600,WATCH
2026-04-07,SPY,656.65,659.61,651.06,659.22,69980400,BENCHMARK
2026-04-07,UNG,11.61,11.72,11.53,11.55,8146100,SHORT
2026-04-07,VIXY,33.51,35.1,33.37,33.86,5558800,WATCH
2026-04-07,WEAT,22.74,23.0,22.68,22.85,1287300,LONG
2026-04-07,XLY,108.11,108.18,106.45,107.77,8956400,SHORT
2026-04-07,^VIX,25.09,28.0,24.34,25.78,0,WATCH
2026-04-08,ADM,68.82,71.76,67.67,71.72,3824800,WATCH
2026-04-08,BG,120.3,127.2,120.01,127.15,1741400,WATCH
2026-04-08,CF,114.12,126.18,110.47,126.16,7368900,LONG
2026-04-08,CORN,17.85,18.02,17.77,17.99,1770400,LONG
2026-04-08,DBA,26.91,26.95,26.8,26.87,2181900,LONG
2026-04-08,DIA,478.88,480.2,475.56,479.16,4697500,BENCHMARK
2026-04-08,GLD,439.98,440.44,431.31,434.53,9689700,WATCH
2026-04-08,MOS,25.65,26.68,25.18,26.62,9285900,LONG
2026-04-08,NTR,72.625,75.06,70.65,74.88,5403500,LONG
2026-04-08,PDBA,35.93,35.97,35.61,35.83,512800,LONG
2026-04-08,QQQ,608.71,609.9,602.12,606.09,63086000,BENCHMARK
2026-04-08,SLV,69.73,69.93,66.52,67.47,31631900,WATCH
2026-04-08,SPY,676.39,677.08,671.46,676.01,93606100,BENCHMARK
2026-04-08,UNG,11.1,11.24,10.97,11.08,10611700,SHORT
2026-04-08,VIXY,30.49,31.74,30.02,30.51,3546500,WATCH
2026-04-08,WEAT,22.2,22.44,22.13,22.25,1158900,LONG
2026-04-08,XLY,112.25,112.61,110.28,110.82,14442400,SHORT
2026-04-08,^VIX,20.97,22.17,19.91,21.04,0,WATCH
2026-04-09,ADM,71.63,72.66,69.85,70.35,3170900,WATCH
2026-04-09,BG,127.23,128.48,122.17,122.96,1660100,WATCH
2026-04-09,CF,128.09,128.88,118.21,119.38,5843300,LONG
2026-04-09,CORN,18.06,18.08,17.81,17.89,982200,LONG
2026-04-09,DBA,26.96,26.98,26.77,26.87,1718200,LONG
2026-04-09,DIA,477.49,483.27,477.01,481.9,4213700,BENCHMARK
2026-04-09,GLD,436.47,440.91,435.87,437.91,6748500,WATCH
2026-04-09,MOS,26.61,27.15,25.2,25.27,7483200,LONG
2026-04-09,NTR,74.9,76.25,72.215,72.78,4191900,LONG
2026-04-09,PDBA,35.9,35.97,35.701,35.84,153100,LONG
2026-04-09,QQQ,605.93,610.5,603.03,610.19,37837500,BENCHMARK
2026-04-09,SLV,67.62,69.34,67.17,68.39,27210000,WATCH
2026-04-09,SPY,674.84,681.16,673.77,679.91,57134400,BENCHMARK
2026-04-09,UNG,11.06,11.07,10.77,10.88,11520300,SHORT
2026-04-09,VIXY,30.81,30.9,28.98,29.4,2268900,WATCH
2026-04-09,WEAT,22.5,22.5,21.82,22.01,1444900,LONG
2026-04-09,XLY,110.82,112.89,110.4,112.74,6660500,SHORT
2026-04-09,^VIX,21.25,21.63,19.45,19.49,0,WATCH
2026-04-10,ADM,70.53,71.14,69.49,69.73,2918500,WATCH
2026-04-10,BG,123.33,124.56,122.29,123.92,894700,WATCH
2026-04-10,CF,118.8,121.71,117.81,121.32,3706900,LONG
2026-04-10,CORN,17.84,17.86,17.65,17.75,2459700,LONG
2026-04-10,DBA,26.92,26.95,26.84,26.89,561100,LONG
2026-04-10,DIA,482.2,482.4,478.63,479.25,2628600,BENCHMARK
2026-04-10,GLD,438.59,440.35,436.0,437.13,6175600,WATCH
2026-04-10,MOS,25.38,25.62,24.49,24.76,6861600,LONG
2026-04-10,NTR,73.39,74.33,72.81,73.75,1810400,LONG
2026-04-10,PDBA,35.99,35.99,35.75,35.844,96500,LONG
2026-04-10,QQQ,611.84,613.67,609.58,611.07,33831300,BENCHMARK
2026-04-10,SLV,69.1,69.55,68.56,69.08,20752000,WATCH
2026-04-10,SPY,681.32,682.03,678.45,679.46,41916700,BENCHMARK
2026-04-10,UNG,10.81,10.9,10.7,10.77,6858900,SHORT
2026-04-10,VIXY,29.25,30.27,29.08,29.75,2735600,WATCH
2026-04-10,WEAT,21.86,22.0,21.72,21.79,1732500,LONG
2026-04-10,XLY,113.0,113.46,112.24,112.89,5606500,SHORT
2026-04-10,^VIX,19.71,20.28,18.83,19.23,0,WATCH
2026-04-13,ADM,70.54,70.99,69.525,69.65,753846,WATCH
2026-04-13,BG,124.295,125.82,124.06,124.84,341244,WATCH
2026-04-13,CF,124.72,126.2499,122.37,124.035,1581092,LONG
2026-04-13,CORN,17.86,17.955,17.8,17.8929,901384,LONG
2026-04-13,DBA,26.97,27.095,26.955,27.06,782324,LONG
2026-04-13,DIA,476.1,479.825,475.18,479.63,2560746,BENCHMARK
2026-04-13,GLD,434.775,435.91,431.6501,435.82,3315624,WATCH
2026-04-13,MOS,25.13,25.5399,24.9,25.4282,3645963,LONG
2026-04-13,NTR,74.69,75.5,74.065,75.435,1269458,LONG
2026-04-13,PDBA,36.1,36.1,35.92,36.03,64847,LONG
2026-04-13,QQQ,609.56,614.8252,608.11,614.4801,20211287,BENCHMARK
2026-04-13,SLV,67.17,68.68,66.58,68.43,17396418,WATCH
2026-04-13,SPY,677.41,682.82,676.58,682.46,24071400,BENCHMARK
2026-04-13,UNG,10.97,10.995,10.62,10.7185,5549251,SHORT
2026-04-13,VIXY,30.16,30.235,29.05,29.1131,1859898,WATCH
2026-04-13,WEAT,22.175,22.48,22.165,22.385,614177,LONG
2026-04-13,XLY,112.34,113.51,112.01,113.4401,4028659,SHORT
2026-04-13,^VIX,21.17,21.58,19.41,19.55,0,WATCH
